category_id,name,price,company_name,active_ingredient,how_supplied,storage,dosage_form,pack_size,origin,strength,image,detail,note,documentation_availability,sourcing_delivery,frequently_asked_questions,disclaimer,on_request,source_url,show_on_home
2,Columvi,4255,Genentech,Glofitamab,,2°C to 8°C,,Single Vial,USA,10 mg /10 ml,,Columvi is a register trademark of Genentech,Columvi 10 mg /10 ml Single Vial Summary of Product Characteristics (SmPC)  - (FDA) fda.gov [15 June 2023],,,,,,https://www.accessdata.fda.gov/drugsatfda_docs/label/2023/761309s000lbl.pdf,
2,Columvi,2000,"Genentech, Inc.",Roche,,2°C to 8°C,,Vial of 2.5 ml,Germany,2.5 mg /2.5 mL,,Columvi is a registered Trademark of Roche.,Columvi 2.5 mg /2.5 mL Vial of 2.5 ml Summary of Product Characteristics (SmPC ) - (EMA) ema.europa.eu,,,,,,https://www.ema.europa.eu/en/documents/product-information/columvi-epar-product-information_en.pdf,
1,Elrexfio,6040,Pfizer Europe MA EEIG,Elranatamab,,2°C to 8°C,,1 Vial of 1.9 ml,Germany,40 mg/ml,,Elrexfio is a registered trademark of Pfizer Europe MA EEIG,Elrexfio 40 mg/ ml 1 Vial of 1.9 ml Summary of Product Characteristics (SmPC ) - (EMA) ema.europa.eu,,,,,,https://www.ema.europa.eu/en/documents/product-information/elrexfio-epar-product-information_en.pdf,
1,Elrexfio,4000,Pfizer Europe MA EEIG,Elranatamab,,2°C to 8°C,,1 Vial of 1.1 ml,Germany,40 mg/ml,,Elrexfio is a registered trademark of Pfizer Europe MA EEIG,Elrexfio 40 mg/ ml 1 Vial of 1.1 ml Summary of Product Characteristics (SmPC ) - (EMA) ema.europa.eu,,,,,,https://www.ema.europa.eu/en/documents/product-information/elrexfio-epar-product-information_en.pdf,
2,Empliciti,2050,Bristol-Myers Squibb,Elotuzumab,,2°C to 8°C,,Single Vial,Germany,300 mg,,Empliciti is a registered trademark of Bristol-Myers Squibb,Empliciti300 mg Single vialSummary of Product Characteristics (SmPC ) - (EMA) ema.europa.eu[May 2016],,,,,,https://www.ema.europa.eu/en/medicines/human/EPAR/empliciti,
11,Empliciti,2399,Bristol-Myers Squibb,Elotuzumab,,2°C to 8°C,,Single Vial,Germany,400 mg,,Empliciti is a registered Trademark of Bristol-Myers Squibb,Empliciti 400 mg Single Vial Summary of Product Characteristics (SmPC ) - (EMA)ema.europa.eu,,,,,,https://www.ema.europa.eu/en/medicines/human/EPAR/empliciti,
2,Idhifa,39010,Celgene Corporation,Enasidenib,,2°C to 8°C,,30 Tablets,USA,50 mg,,Idhifa is a registered trademark of Celgene Corporation,Idhifa50 MG 30 TabletsSummary of Product Characteristics (SmPC ) -( FDA ) fda.gov[2017],,,,,,https://www.accessdata.fda.gov/drugsatfda_docs/label/2017/209606s000lbl.pdf,
2,Idhifa,39010,Celgene Corporation,Enasidenib,,2°C to 8°C,,30 Tablets,USA,100 mg,,Idhifa is a registered trademark of Celgene Corporation,Idhifa50 MG 30 TabletsSummary of Product Characteristics (SmPC ) -( FDA ) fda.gov[2017],,,,,,https://www.accessdata.fda.gov/drugsatfda_docs/label/2017/209606s000lbl.pdf,
1,Imdelltra,1967,Amgen Inc,Tarlatamab-Dlle,,2°C to 8°C,,Single Vial,USA,1 mg,,Imdelltra is a registered Trademark of Amgen Inc,Imdelltra  1 mg Single Vial Summary of Product Characteristics (SmPC)  - (FDA) fda.gov,,,,,,https://www.accessdata.fda.gov/drugsatfda_docs/label/2024/761344s000lbl.pdf,
1,Imdelltra,16000,Amgen Inc,Tarlatamab-Dlle,,2°C to 8°C,,Single Vial,USA,10 mg,,Imdelltra is a registered Trademark of Amgen Inc,Imdelltra  10 mg 1 Vials Summary of Product Characteristics (SmPC)  - (FDA) fda.gov,,,,,,https://www.accessdata.fda.gov/drugsatfda_docs/label/2024/761344s000lbl.pdf,
11,Itovebi,8600,"Genentech, Inc.",Inavolisib,,15°C to 30°C,,28 Tablets,USA,3 mg,,"ITOVEBI  is a registered Trademark of Genentech, Inc.",Itovebi  3 mg 28 Tablets Summary of Product Characteristics (SmPC)  - (FDA) fda.gov,,,,,,https://www.accessdata.fda.gov/drugsatfda_docs/label/2024/219249s001lbl.pdf,
11,Itovebi,7587,"Genentech, Inc.",Inavolisib,,15°C to 30°C,,28 Tablets,USA,9 mg,,"ITOVEBI  is a registered Trademark of Genentech, Inc.",Itovebi  9 mg 28 Tablets Summary of Product Characteristics (SmPC)  - (FDA) fda.gov,,,,,,https://www.accessdata.fda.gov/drugsatfda_docs/label/2024/219249s001lbl.pdf,
1,Lazcluze,1222,"Janssen Biotech, Inc",Lazertinib,,15°C to 30°C,,30 Tablets,USA,240 mg,,"Lazcluze is a registered trademark of Janssen Biotech, Inc",Lazcluze 240 mg 30 Tablets Summary of Product Characterstic (SmPC)  -(FDA) fda.gov,,,,,,https://www.accessdata.fda.gov/drugsatfda_docs/label/2024/219008s000lbl.pdf,
1,Lazcluze,5525,"Janssen Biotech, Inc",Lazertinib,,15°C to 30°C,,60 Tablets,USA,80 mg,,"Lazcluze is a register trademark of Janssen Biotech, Inc",Lazcluze 80 mg 60 Tablets Summary of Product Characterstic (SmPC)  -(FDA) fda.gov,,,,,,https://www.accessdata.fda.gov/drugsatfda_docs/label/2024/219008s000lbl.pdf,
2,Ninlaro,7000,Takeda Pharma,Ixazomib,,15°C to 30°C,,3 Capsules,Germany,4 mg,,Ninlaro is a registered trademark of Takeda Pharma,Ninlaro4 MG 3 CapsulesSummary of Product Characteristics (SmPC ) - (EMA) ema.europa.eu[November 2016],,,,,,https://www.ema.europa.eu/en/medicines/human/EPAR/ninlaro,
2,Ninlaro,7000,Takeda Pharma,Ixazomib,,15°C to 30°C,,3 Capsules,Germany,2.3 mg,,Ninlaro is a registered trademark of Takeda Pharma,Ninlaro2.3 MG 3 CapsulesSummary of Product Characteristics (SmPC ) - (EMA) ema.europa.eu[November 2016],,,,,,https://www.ema.europa.eu/en/medicines/human/EPAR/ninlaro,
2,Ninlaro,7000,Takeda Pharma,Ixazomib,,15°C to 30°C,,3 Capsules,Germany,3 mg,,Ninlaro is a registered trademark of Takeda Pharma,Ninlaro3 MG 3 CapsulesSummary of Product Characteristics (SmPC ) - (EMA) ema.europa.eu[November 2016],,,,,,https://www.ema.europa.eu/en/medicines/human/EPAR/ninlaro,
1,Ogsiveo,7388,Springworks Therapeutics Ireland Limited,Nirogacestat,,15°C to 30°C,,56 Tablets,Ireland,150 mg,,Ogsiveois a registered Trademark of Springworks Therapeutics Ireland Limited,Ogsiveo 150 mg 56 Tablets Summary of Product Characteristics (SmPC ) - (EMA)ema.europa.eu,,,,,,https://www.ema.europa.eu/en/documents/product-information/ogsiveo-epar-product-information_en.pdf,
1,Ogsiveo,7388,Springworks Therapeutics Ireland Limited,Nirogacestat,,15°C to 30°C,,56 Tablets,Ireland,100 mg,,Ogsiveois a registered Trademark of Springworks Therapeutics Ireland Limited,Ogsiveo 100 mg 56 Tablets Summary of Product Characteristics (SmPC ) - (EMA)ema.europa.eu,,,,,,https://www.ema.europa.eu/en/documents/product-information/ogsiveo-epar-product-information_en.pdf,
2,Omjjara,5100,Glaxosmith,Momelotinib,,15°C to 30°C,,30 Tablets,Germany,100 mg,,Omjjara is a registered Trademark of Glaxosmith,Omjjara  100 mg 30 Tablets Summary of Product Characteristics (SmPC ) - (EMA)ema.europa.eu,,,,,,https://www.ema.europa.eu/en/documents/product-information/omjjara-epar-product-information_en.pdf,
2,Omjjara,5100,Glaxosmith,Momelotinib,,15°C to 30°C,,30 Tablets,Germany,200 mg,,Omjjarais a registered Trademark of Glaxosmith,Omjjara 200 mg 30 Tablets Summary of Product Characteristics (SmPC ) - (EMA)ema.europa.eu,,,,,,https://www.ema.europa.eu/en/documents/product-information/omjjara-epar-product-information_en.pdf,
1,Orserdu,6970,Stemline Therapeutics,Elacestrant,,15°C to 30°C,,28 Tablets,Germany,345 mg,,Orserdu is a register trademark of Stemline Therapeutics,Orserdu345 mg28 Tablets Summary of Product Characteristics (SmPC)  - (EMA) ema.europa.eu  [2023],,,,,,https://ec.europa.eu/health/documents/community-register/2023/20230915160176/anx_160176_en.pdf,
1,Orserdu,2000,Stemline Therapeutics B.V,Elacestrant,,15°C to 30°C,,28 Tablets,Germany,86 Mg,,Orserdu is a registered Trademark of Stemline Therapeutics B.V,Orserdu 86 Mg 28 Tablets Summary of Product Characteristics (SmPC ) - (EMA)ema.europa.eu,,,,,,https://ec.europa.eu/health/documents/community-register/2023/20230915160176/anx_160176_en.pdf,
1,QINLOCK,12899,Argenx,Efgartigimod Alfa,,15°C to 30°C,,90 Tablets,Belgium,50 mg,,QINLOCK is a registered Trademark of argenx,QINLOCK 50 mg 90 Tablets Summary of Product Characteristics (SmPC ) - (EMA)ema.europa.eu,,,,,,https://www.ema.europa.eu/en/documents/product-information/vyvgart-epar-product-information_en.pdf,
1,QINLOCK,1290,Argenx,Efgartigimod Alfa,,15°C to 30°C,,30 Tablets,Belgium,50 mg,,QINLOCK is a registered Trademark of argenx,QINLOCK 50 mg 30 Tablets Summary of Product Characteristics (SmPC ) - (EMA)ema.europa.eu,,,,,,https://www.ema.europa.eu/en/documents/product-information/vyvgart-epar-product-information_en.pdf,
1,Retsevmo,4200,Eli Lilly,Selpercatinib,,15°C to 30°C,,112 Capsules,USA,80 mg,,Retsevmo is a registered Trademark of Eli Lilly,Retsevmo80 mg112 CapsulesSummary of Product Characteristics (SmPC ) - (FDA) fda.gov [February 2021],,,,,,https://www.accessdata.fda.gov/drugsatfda_docs/label/2022/213246s008lbl.pdf,
1,Retsevmo,3200,Eli Lilly,Selpercatinib,,15°C to 30°C,,168 capsules,USA,40 mg,,Retsevmo is a registered Trademark of Eli Lilly,Retsevmo40 mg168 capsules Summary of Product Characteristics (SmPC)  - (FDA) fda.gov 2020,,,,,,https://www.accessdata.fda.gov/drugsatfda_docs/label/2022/213246s008lbl.pdf,
1,Retsevmo,1035,Eli Lilly,Selpercatinib,,15°C to 30°C,,56 Capsules,USA,40 mg,,Retsevmo is a registered Trademark of Eli Lilly,Retsevmo40 mg56 Capsules Summary of Product Characteristics (SmPC)  - (FDA) fda.gov 2020,,,,,,https://www.accessdata.fda.gov/drugsatfda_docs/label/2022/213246s008lbl.pdf,
1,Retsevmo,1400,Eli Lilly,Selpercatinib,,15°C to 30°C,,56 Tablets,Germany,80 mg,,Retsevmo is a registered Trademark of Eli Lilly,Retsevmo  80 mg 56 Tablets Summary of Product Characteristics (SmPC ) - (EMA)ema.europa.eu,,,,,,https://www.ema.europa.eu/en/documents/product-information/retsevmo-epar-product-information_en.pdf,
1,Scemblix,7500,Novartis,Asciminib,,15°C to 30°C,,60 Capsules,USA,20 mg,,Scemblix  is a registered Trademark of Novartis,Scemblix  20 mg 60 Capsules  Summary of Product Characteristics (SmPC)  - (FDA) fda.gov,,,,,,https://www.accessdata.fda.gov/drugsatfda_docs/label/2021/215358s000Orig2lbl.pdf,
1,Scemblix,7500,Novartis,Asciminib,,15°C to 30°C,,60 Capsules,USA,40 mg,,Scemblix  is a registered Trademark of Novartis,Scemblix  40 mg 60 Capsules  Summary of Product Characteristics (SmPC)  - (FDA) fda.gov,,,,,,https://www.accessdata.fda.gov/drugsatfda_docs/label/2021/215358s000Orig2lbl.pdf,
2,Talvey,489,Janssen-Cilag,Talquetamab,,2°C to 8°C,,Single Vial,Germany,2 mg/ ml,,Sunosi  is a registered Trademark of  Janssen-Cilag,Talvey  2 mg/ ml Single Vials Summary of Product Characteristics (SmPC ) - (EMA) ema.europa.eu,,,,,,https://www.ema.europa.eu/en/documents/product-information/talvey-epar-product-information_en.pdf,
2,Talvey,3368,Janssen-Cilag,Talquetamab,,2°C to 8°C,,Single Vial,Germany,40 mg/ ml,,Talvey  is a registered Trademark of Janssen-Cilag,Talvey  40 mg/ ml Single Vials Summary of Product Characteristics (SmPC ) - (EMA) ema.europa.eu,,,,,,https://www.ema.europa.eu/en/documents/product-information/talvey-epar-product-information_en.pdf,
1,Talzenna,2000,Pfizer,Talazoparib Tosylate,,15°C to 30°C,,30 Capsules,Germany,0.25 mg,,Talzenna is a registered Trademark of Pfizer,Talzenna 0.25 mg 30 Capsules Summary of Product Characteristics (SmPC ) - (EMA) ema.europa.eu [ June 2019 ],,,,,,https://www.ema.europa.eu/en/medicines/human/EPAR/talzenna,
1,Talzenna,3400,Pfizer,Talazoparib Tosylate,,15°C to 30°C,,30 Capsules,Germany,1 mg,,Talzenna is a registered Trademark of Pfizer,Talzenna1 mg 30 Capsules Summary of Product Characteristics (SmPC ) - (EMA) ema.europa.eu [ June 2019 ],,,,,,https://www.ema.europa.eu/en/medicines/human/EPAR/talzenna,
11,Tazverik,8000,Epizyme,Tazemetostat,,15°C to 30°C,,240 Tablets,Japan,200 mg,,Tazverik  is a register trademark of Epizyme,Tazverik200 mg240 Tablets Summary of Product Characteristics (SmPC)  - (FDA) fda.gov [2020],,,,,,https://www.accessdata.fda.gov/drugsatfda_docs/label/2020/213400s000lbl.pdf,
1,Tazverik,3650,Epizyme,Tazemetostat,,15°C to 30°C,,56 Tablets,USA,200mg,,Tazverik is a registered Trademark of Epizyme,Tazverik  200mg   56 Tablets Summary of Product Characteristics (SmPC)  - (FDA) fda.gov,,,,,,https://www.accessdata.fda.gov/drugsatfda_docs/label/2020/213400s000lbl.pdf,
2,Trodelvy,980,Gilead Sciences,Sacituzumab govitecan,,2°C to 8°C,,Single Vial,Germany,200 mg,,Trodelvy is a registered Trademark of Gilead Science,Trodelvy200 mgSingle vialSummary of Product Characteristics (SmPC ) - (EMA) ema.europa.eu[November 2021],,,,,,https://www.ema.europa.eu/en/medicines/human/EPAR/trodelvy,
2,Trodelvy,980,Gilead Sciences,Sacituzumab govitecan,,2°C to 8°C,,Single Vial,Germany,180 mg,,Trodelvy is a registered Trademark of Gilead Science,Trodelvy180 mgSingle vialSummary of Product Characteristics (SmPC ) - (EMA) ema.europa.eu[November 2021],,,,,,https://www.ema.europa.eu/en/medicines/human/EPAR/trodelvy,
1,Truqap,6200,Astra Zeneca Pharm,Capivasertib,,15°C to 30°C,,64 Tablets,USA,160 mg,,Truqap is a register trademark of Astra Zeneca Pharm,Truqap160 mg64 TabletsSummary of Product Characterstic (SmPC)  -(FDA) fda.gov [16 Nov 2023],,,,,,https://www.accessdata.fda.gov/drugsatfda_docs/label/2023/218197s000lbl.pdf,
1,Truqap,4730,Astra Zeneca Pharm,Capivasertib,,15°C to 30°C,,64 Tablets,USA,200 mg,,Truqap is a register trademark of Astra Zeneca Pharm,Truqap200 mg64 TabletsSummary of Product Characterstic (SmPC)  -(FDA) fda.gov [16 Nov 2023],,,,,,https://www.accessdata.fda.gov/drugsatfda_docs/label/2023/218197s000lbl.pdf,
11,Vyloy,710,Astellas Pharma,Zolbetuximab,,2°C to 8°C,,Single Vial,Netherland,100 mg,,Vyloy  is a registered Trademark of Astellas Pharma,Vyloy  100 mg Single Vial Summary of Product Characteristics (SmPC ) - (EMA)ema.europa.eu,,,,,,https://www.ema.europa.eu/en/documents/product-information/vyloy-epar-product-information_en.pdf,
11,Vyloy,2300,Astellas Pharma,Zolbetuximab,,2°C to 8°C,,3 Vial,Netherland,100 mg,,Vyloy  is a registered Trademark of Astellas Pharma,Vyloy  100 mg 3 Vial Summary of Product Characteristics (SmPC ) - (EMA)ema.europa.eu,,,,,,https://www.ema.europa.eu/en/documents/product-information/vyloy-epar-product-information_en.pdf,
2,Blincyto,1912,Amgen Inc.,Blinatumomab,,2°C to 8°C,,Single  vial,Singapore,35 mcg,,Blincyto is a registered Trademark of Amgen Inc.,Blincyto 35 mcg Single Vial Summary of Product Characterstics (SmPC) - (EMA) ema.europa.eu,,,,,,https://www.ema.europa.eu/en/documents/product-information/blincyto-epar-product-information_en.pdf,
2,Gavreto,9000,Roche,Pralsetinib,,15°C to 30°C,,120 Capsules,Germany,100 mg,,Gavreto  is a registered trademark of Roche,Gavreto 100 mg 120 Capsules Summary of Product Characteristics (SmPC ) - (EMA) ema.europa.eu [ November 2021  ],,,,,,https://www.ema.europa.eu/en/medicines/human/EPAR/gavreto,
2,Blenrep,1222,GlaxoSmithKline,Belantamab???ÿmafodotin,,15°C to 30°C,,Single Vial,Germany,100 mg,,Blenrep is a registered trademark of GlaxoSmithKline,Blenrep100 mgSingle vialSummary of Product Characteristics (SmPC ) - (EMA) ema.europa.eu[ August 2020 ],,,,,,https://www.ema.europa.eu/en/medicines/human/EPAR/blenrep,
2,Welireg,18500,Merck Sharp & Dohme,Belzutifan,,15°C to 30°C,,90 Tablets,USA,40 mg,,Welireg is a registered trademark of Merck Sharp & Dohme,Welireg40MG 90 Tablets Summary of Product Characteristics (SmPC ) - ( FDA ) fda.gov[2021],,,,,,https://www.accessdata.fda.gov/drugsatfda_docs/label/2021/215383s000lbl.pdf,
11,Defitelio,4840,Gentium,Defibrotide sodium,,15°C to 30°C,,10 Vials,Italy,200 mg / 2.5 ml (80 mg / ml),,Defitelio is a registered Trademark of Gentium,Defitelio 200 mg/2.5 ml 10 VialsSummary of Product Characteristics (SmPC ) - (EMA) ema.europa.eu [October 2013],,,,,,https://www.ema.europa.eu/en/documents/product-information/defitelio-epar-product-information_en.pdf,
1,Nexpovio,4700,Stemline Therapeutics,Selinexor,,15°C to 30°C,,16 Tablets,Germany,20 mg,,Nexpovio is a registered Trademark of Stemline Therapeutics,Nexpovio20 mg16 Tablets Summary of Product Characterstics (SmPC)-(EMA) ema.europa.eu,,,,,,https://www.ema.europa.eu/en/medicines/human/EPAR/nexpovio,
1,Libtayo,4500,"Regeneron Pharmaceuticals, Inc.",Cemiplimab,,2°C to 8°C,,Single Vial,USA,350 mg/7 mL (50 mg/ml),,"Libtayo is a registered Trademark of Regeneron Pharmaceuticals, Inc.",Libtayo350 mg/7 mL (50 mg/ml)Single vial Summary of Product Characteristics (SmPC ) - (EMA)ema.europa.eu-  [June 2019],,,,,,https://www.ema.europa.eu/en/medicines/human/EPAR/libtayo,
1,Zepzelca,6823,Jazz Pharmaceuticals,Lurbinectedin,,2°C to 8°C,,Single Vial,USA,4 mg,,Zepzelca is a registered Trademark of Jazz Pharmaceuticals,Zepzelca4 mg Singledose vial Summary of Product Characteristics (SmPC ) - (FDA) fda.gov [2020],,,,,,https://www.accessdata.fda.gov/drugsatfda_docs/label/2020/213702s000lbl.pdf,
1,Lumakras,4700,Amgen Inc.,Sotorasib,,15°C to 30°C,,240 Tablets,Germany,120 mg,,Lumakras is a registered Trademark of Amgen Inc.,Lumakras120 mg 240 Tablets Summary of Product Characteristics (SmPC ) - (EMA) ema.europa.eu[January 2022],,,,,,https://www.ema.europa.eu/en/medicines/human/EPAR/lumykras,
2,Xpovio,4809,Karyopharm Therapeutics Inc.,Selinexor,,15°C to 30°C,,20 Tablets,USA,20 mg,,Xpovio is a registered Trademark of Karyopharm Therapeutics Inc.,Xpovio20mg20 Tablets Summary of Product Characteristics (SmPC)  - (FDA) fda.gov 2019,,,,,,https://www.accessdata.fda.gov/drugsatfda_docs/label/2019/212306s000lbl.pdf,
1,Lytgobi,2100,"Taiho Oncology,Inc.",futibatinib,,15°C to 30°C,,35 Tablets,Singapore,4 mg,,"Lytgobi  is a registered Trademark of Taiho Oncology,Inc.",Lytgobi 4mg35 Tablets Summary of Product Characteristics (SmPC)  - (FDA) fda.gov,,,,,,https://www.accessdata.fda.gov/drugsatfda_docs/label/2022/214801s000lbl.pdf,
1,Elahere,4000,Abbvie,Mirvetuximab Soravtansine,,2°C to 8°C,,Vial of 20 ml,Germany,5 mg / ml,,Elahere  is a register trademark of AbbVie,Elahere5 mg / mlVial of 20 ml Summary of Product Characteristics (SmPC)  - (FDA) fda.gov 2022,,,,,,https://www.accessdata.fda.gov/drugsatfda_docs/label/2022/761310s000lbl.pdf,
1,Krazati,9186,Mirati Therapeutics,Adagrasib,,15°C to 30°C,,180 Tablets,Germany,200 mg,,Krazati  is a register trademark of Mirati Therapeutics,Krazati200 mg120 Tablets Summary of Product Characteristics (SmPC ) - (EMA) ema.europa.eu,,,,,,https://ec.europa.eu/health/documents/community-register/2024/20240105161232/anx_161232_en.pdf,
1,Beleodaq,2420,"Spectrum Pharmaceuticals, Inc",Belinostat,,15°C to 30°C,,Single Vial,USA,500 mg,,"Beleodaq is a register trademark of  Spectrum Pharmaceuticals, Inc",Beleodaq 500 mg Single Vial Summary of Product Characteristics (SmPC)  - (FDA) fda.gov [2014],,,,,,https://www.accessdata.fda.gov/drugsatfda_docs/label/2014/206256lbl.pdf,
1,Lytgobi.,3242,"Taiho Oncology,Inc.",futibatinib,,15°C to 30°C,,35 Tablets,Germany,4 mg,,"Lytgobi  is a registered Trademark of Taiho Oncology,Inc.","<p><a href=""https://ec.europa.eu/health/documents/community-register/2023/20230704159464/anx_159464_en.pdf"">Lytgobi 4mg35 Tablets Summary of Product Characterstics (SmPC) - (EMA) ema.europa.eu  </a></p>",,,,,,https://ec.europa.eu/health/documents/community-register/2023/20230704159464/anx_159464_en.pdf,
1,Zynlonta,7924,Swedish Orphan Biovitrum,Loncastuximab Tesirine,,2°C to 8°C,,Single Vial,Germany,10 mg,,Zynlonta  is a registered Trademark of Swedish Orphan Biovitrum,Zynlonta  10 mg Single Vial Summary of Product Characteristics (SmPC ) - (EMA)ema.europa.eu,,,,,,https://ec.europa.eu/health/documents/community-register/2023/20231115160662/anx_160662_en.pdf,
1,Datroway,3072,Daiichi Sankyo,Datopotamab Deruxtecan,,2°C to 8°C,,Single Vial,Germany,100 mg,,Datroway is a registered Trademark of Daiichi Sankyo,Datroway 100 mg 1 Vial Summary of Product Characteristics (SmPC ) - (EMA) ema.europa.eu,,,,,,https://www.ema.europa.eu/en/documents/product-information/datroway-epar-product-information_en.pdf,
11,Revuforj,27500,Syndax Pharmaceuticals,Revumenib,,15°C to 30°C,,30 Tablets,USA,160 mg,,Revuforj is a registered Trademark of Syndax Pharmaceuticals,Revuforj 160 mg 30 Tablets Summary of Product Characteristics (SmPC)  - (FDA) fda.gov 2024,,,,,,https://www.accessdata.fda.gov/drugsatfda_docs/label/2024/218944s000lbl.pdf,
1,Bizengri,27087,Boehringer Ingelheim International GmbH,Zenocutuzumab-Zbco,,2°C to 8°C,,2 Vials,USA,375 mg,,Bizengri is a registered trademark of Boehringer Ingelheim International GmbH,Bizengri 2 Vials 375 mg  Summary of Product Characteristics (SmPC)  -(FDA) fda.gov,,,,,,https://www.accessdata.fda.gov/drugsatfda_docs/label/2024/761352s001lbl.pdf,
1,Folotyn,2500,Allos Therapeutics,Pralatrexate,,2°C to 8°C,,Single Vial,USA,20 mg,,Folotyn  is a registered trademark of Allos Therapeutics,Folotyn Single Vial  20 mg Summary of Product Characteristics (SmPC)  -(FDA) fda.gov,,,,,,https://www.accessdata.fda.gov/drugsatfda_docs/label/2009/022468lbl.pdf,
1,Hernexeos,7301,Boehringer Ingelheim International GmbH,Zongertinib,,15°C to 30°C,,60 Tablets,Singapoor,60 Mg,,Hernexeos is a registered Trademark of Boehringer Ingelheim International GmbH,Hernexeos  60 mg 60 Tablets  Summary of Product Characteristics (SmPC ) - (EMA)ema.europa.eu,,,,,,https://www.accessdata.fda.gov/drugsatfda_docs/label/2025/219042s000lbl.pdf,
2,Iclusig,3398,Otsuka Pharmaceuticals,Ponatinib,,15°C to 30°C,,30 Tablets,Germany,15 mg,,Iclusig  is a registered Trademark of Otsuka Pharmaceuticals,Iclusig 15 mg 30 Tablets Summary of Product Characteristics (SmPC ) - (EMA)ema.europa.eu,,,,,,https://www.ema.europa.eu/en/documents/product-information/iclusig-epar-product-information_en.pdf,
1,Qarziba,10925,Bristol-Myers Squibb,Paclitaxel,,2°C to 8°C,,Single Vial,Germany,4.5 mg/ml,,Qarziba  is a registered Trademark of Bristol-Myers Squibb,Qarziba 4.5 mg/ml Single Vial Summary of Product Characteristics (SmPC ) - (EMA)ema.europa.eu,,,,,,https://www.ema.europa.eu/en/documents/product-information/qarziba-epar-product-information_en.pdf,
1,Abraxane,1200,Bristol-Myers Squibb,Paclitaxel,,2°C to 8°C,,Single Vial,Germany,5mg/ml,,Abraxane is a registered Trademark of Bristol-Myers Squibb Gmbh,Abraxane 5mg/ml Single Vial Summary of Product Characteristics (SmPC ) - (EMA)ema.europa.eu,,,,,,https://www.ema.europa.eu/en/documents/product-information/abraxane-epar-product-information_en.pdf,
6,Kineret,1400,Swedish Orphan Biovitrum,Anakinra,,2°C to 8°C,,28 PFS,Germany,100 mg/0.67 ml,,Kineret  is a registered Trademark of Swedish Orphan Biovitrum,Kineret  100 mg/0.67 ml 28 PFS Summary of Product Characteristics (SmPC ) - (EMA)ema.europa.eu,,,,,,https://www.ema.europa.eu/en/documents/product-information/kineret-epar-product-information_en.pdf,
3,SKYCLARYS,29000,Astra Zeneca,Omaveloxolon,,15°C to 30°C,,90 Capsules,Germany,50 mg,,SKYCLARYS  is a registered Trademark of  Astra Zeneca,SKYCLARYS  50 mg 90 Capsules Summary of Product Characteristics (SmPC ) - (EMA)ema.europa.eu,,,,,,https://www.ema.europa.eu/en/documents/product-information/skyclarys-epar-product-information_en.pdf,
1,Brinsupri,13000,Insmed Netherlands,Brensocatib,,15°C to 30°C,,30 Tablets,Netherlands,10 mg,,Brinsupri  is a registered Trademark of Insmed Netherlands,Brinsupri  10 mg 30 Tablets Summary of Product Characteristics (SmPC ) - (EMA)ema.europa.eu,,,,,,https://www.ema.europa.eu/en/documents/product-information/brinsupri-epar-product-information_en.pdf,
1,Ibtrozi,5160,Nuvation Bio,Taletrectinib,,15°C to 30°C,,33 capsules,Japan,200 mg,,Ibtrozi  is a registered Trademark of Nuvation Bio,Ibtrozi  200 mg 33 capsules  Summary of Product Characteristics (SmPC)  - (FDA) fda.gov,,,,,,https://www.accessdata.fda.gov/drugsatfda_docs/label/2025/219713s000lbl.pdf,
3,Evkeeza,24000,Ultragenyx Germany Gmbh,Evinacumab,,2°C to 8°C,,Single Vial,Germany,345 mg/2.3 ml,,Evkeeza  is a registered Trademark of Ultragenyx Germany GmbH,Evkeeza  345 mg/2.3 ml Single Vial Summary of Product Characteristics (SmPC ) - (EMA)ema.europa.eu,,,,,,https://www.ema.europa.eu/en/documents/product-information/evkeeza-epar-product-information_en.pdf,
3,Qalsody,20000,Solong Biogen Gmbh,Tofersen,,2°C to 8°C,,Single Vial,Netherlands,100 mg,,Qalsody  is a registered Trademark of Solong Biogen GmbH,Qalsody  100 mg Single Vial Summary of Product Characteristics (SmPC ) - (EMA)ema.europa.eu,,,,,,https://www.ema.europa.eu/en/documents/product-information/qalsody-epar-product-information_en.pdf,
6,VYVGART,7665,Biogen Netherlands,Tofersen,,2°C to 8°C,,Single Vial,Netherlands,20 mg/ml,,VYVGART  is a registered Trademark of Biogen Netherlands,VYVGART  20 mg/ml Single Vial Summary of Product Characteristics (SmPC ) - (EMA)ema.europa.eu,,,,,,https://www.ema.europa.eu/en/documents/product-information/qalsody-epar-product-information_en.pdf,
1,Vanflyta,6000,Daiichi Sankyo Europe Gmbh,Quizartinib,,15°C to 30°C,,28 Tablets,Germany,17.7 mg,,Vanflyta  is a registered Trademark of Daiichi Sankyo Europe GmbH,Vanflyta  17.7 mg 28 Tablets Summary of Product Characteristics (SmPC ) - (EMA)ema.europa.eu,,,,,,https://www.ema.europa.eu/en/documents/product-information/vanflyta-epar-product-information_en.pdf,
1,Odomzo,23183,Novartis,Sonidegib,,15°C to 30°C,,30 Tablets,USA,200 mg,,Odomzo  is a registered Trademark of Novartis,Odomzo  200 mg 30 Tablets Summary of Product Characteristics (SmPC ) - (EMA)ema.europa.eu,,,,,,https://www.ema.europa.eu/en/documents/product-information/odomzo-epar-product-information_en.pdf,
1,Erivedge,5595,Roche Pharma,Vismodegib,,15°C to 30°C,,28 Capsules,Germany,150 mg,,Erivedge  is a registered Trademark of Roche Pharma,Erivedge  150 mg 28 Capsules Summary of Product Characteristics (SmPC ) - (EMA)ema.europa.eu,,,,,,https://www.ema.europa.eu/en/documents/product-information/erivedge-epar-product-information_en.pdf,
1,Daurismo,9113,Pfizer,Glasdegib,,15°C to 30°C,,30 Tablets,Belgium,100 mg,,Daurismo  is a registered Trademark of Pfizer,Daurismo  100 mg 30 Tablets Summary of Product Characteristics (SmPC ) - (EMA)ema.europa.eu,,,,,,https://www.ema.europa.eu/en/documents/product-information/daurismo-epar-product-information_en.pdf,
1,Ayvakit,4085,Blueprint Medicines (Netherlands) B.V.,Avapritinib,,15°C to 30°C,,30 Tablets,Germany,300 mg,,Ayvakit is a registered Trademark of Blueprint Medicines (Netherlands) B.V.,Ayvakit  300 mg 30 Tablets Summary of Product Characteristics (SmPC ) - (EMA)ema.europa.eu,,,,,,https://www.ema.europa.eu/en/documents/product-information/ayvakyt-epar-product-information_en.pdf,
1,Augtyro,2086,Zai Lab,Repotrectinib,,15°C to 30°C,,120 Capsules,Germany,40 mg,,Augtyro is a registered Trademark of Zai Lab,Augtyro  40 mg 120 Capsules Summary of Product Characteristics (SmPC ) - (EMA)ema.europa.eu,,,,,,https://www.ema.europa.eu/en/documents/product-information/augtyro-epar-product-information_en.pdf,
